word;category
defesa;Defense
universidade;Education
instituicoes;NGOs
educação;Education
assistencia;Social programs
pesquisa;Social programs
saude;Health
desenvolvimento;Vague
educacao;Education
comando;Defense
ensino;Education
fundo;High risk
superior;Education
tecnologica;High risk
exteriores;International
medica;Health
odontologica;Health
beneficios;Social programs
agricultura;Social programs
saúde;Health
instituto;NGOs
manutencao;High risk
relações;International
companhia;High risk
fundacao;NGOs
civis;Political
gestao;High risk
estado;Political
recursos;High risk
ativos;High risk
forcas;Defense
serviços;High risk
programa;High risk
modernizacao;High risk
uniao;Political
poder;Political
executivo;Political
rio;High risk
outros;Vague
atencao;Vague
es;Political
exercito;Defense
material;High risk
aprestamento;Defense
tesouro;High risk
terceiros;High risk
direto;High risk
juríd;Judiciary
minerais;Oil & Gas
empresa;High risk
servidore;Political
exército;Defense
agropecuaria;Social programs
direitos;Political
tecnologia;High risk
minas;Oil & Gas
estudantes;Education
militares;Defense
servidores;Political
social;Social programs
fomento;Social programs
investimentos;High risk
fiscalizacao;High risk
ministerio;Political
promocao;Vague
consumo;Vague
capital;High risk
infraestrutura;Construction
benefícios;Social programs
protecao;Vague
especiais;Vague
correntes;Vague
marinha;Defense
cientifica;Education
povos;Territoriality/indigenous
civil;Political
capacitacao;Social programs
trabalhador;Social programs
transportes;High risk
dependentes;Social programs
segurança;Defense
militar;Defense
abastecimento;High risk
acoes;High risk
negociacoes;International
exterior;International
servicos;High risk
encargos;High risk
gestão;High risk
reestruturacao;High risk
bahia;High risk
pecuária;Social programs
assistência;Social programs
sul;Political
graduacao;Education
superintendencia;Political
bilaterais;International
fortalecimento;Vague
inovação;High risk
cultura;Education
equipamentos;High risk
fundação;NGOs
diárias;High risk
projetos;High risk
transferências;High risk
ambiental;Environmentalism
energia;Oil & Gas
agencia;Political
terrestre;Defense
extensao;Education
sociais;Social programs
recuperacao;High risk
emprego;Social programs
passagens;High risk
publicos;Political
indigenas;Territoriality/indigenous
aposentadorias;Social programs
locomoção;High risk
parana;High risk
naval;Defense
previdência;Social programs
politica;Political
ciência;Social programs
prevencao;Health
posgraduacao;Education
outras;Vague
fazenda;High risk
norte;Environmentalism
controle;High risk
departamento;Political
obrigações;High risk
vales;High risk
pensoes;Social programs
pernambuco;High risk
policiamento;Defense
trabalho;Social programs
reforma;High risk
implantacao;High risk
cidadania;Social programs
batalhao;Defense
publica;Political
estruturacao;High risk
seguranca;Defense
pecuaria;Social programs
qualidade;Vague
adequacao;High risk
entidades;NGOs
transporte;High risk
físic;Education
humanos;Social programs
transforma;High risk
ceara;High risk
hospital;Health
inovacao;High risk
cultural;Social programs
campus;Education
contributivas;High risk
tributárias;High risk
hospitalares;Health
oswaldo;Health
alagoas;High risk
agrária;Territoriality/indigenous
hospitalar;Health
financeiro;High risk
locação;High risk
mãodeobra;High risk
engenharia;Construction
rural;Social programs
sustentavel;Environmentalism
custeio;High risk
justiça;Judiciary
fiscalização;High risk
normatização;High risk
ambiente;Environmentalism
patrimonio;High risk
ambulatorial;Health
contribuições;High risk
planejamento;High risk
combate;Defense
básica;Education
transferencias;High risk
sistemas;High risk
sustentabilidade;Environmentalism
auxílio;Social programs
indenizações;High risk
restituições;High risk
concessao;High risk
incremento;High risk
temporario;Vague
produtos;High risk
prestacao;High risk
indígenas;Territoriality/indigenous
ins;NGOs
operativa;High risk
registro;High risk
bolsas;Social programs
culturais;Social programs
municípios;Political
agraria;Territoriality/indigenous
prontidao;Defense
desenv;High risk
goias;High risk
primaria;Health
implementacao;High risk
direta;High risk
policia;Defense
fundos;High risk
aplicação;High risk
fis;Political
operação;High risk
orçamentos;High risk
órgãos;Political
servico;High risk
operacoes;High risk
parnaiba;High risk
obras;Construction
tecnologico;High risk
plurietnicos;Territoriality/indigenous
fundiaria;Territoriality/indigenous
infantaria;Defense
equidade;Progressism/woke
estudos;Education
basica;Education
integração;Vague
movimentacao;High risk
formacao;Education
cia;High risk
agrário;Territoriality/indigenous
piaui;High risk
transfere;High risk
governanca;High risk
agropecuária;Social programs
comissao;Political
sfrance;International
construcao;Construction
repressao;Defense
trafico;High risk
fed;High risk
diretoria;Political
orçamento;High risk
aeronáutica;Defense
agr;Political
tecnológico;High risk
indústria;High risk
estudante;Education
democracia;Political
operacao;High risk
polícia;Defense
maranhao;High risk
base;Defense
estatistica;Education
geografia;Education
regularizacao;High risk
politicas;Political
nuclear;Oil & Gas
colonizacao;Territoriality/indigenous
pesquisas;Education
esporte;Social programs
crime;High risk
amazonas;High risk
anteriores;Vague
exercícios;Vague
inst;NGOs
reg;Political
executiva;Political
públicos;Political
corrupcao;High risk
seguro;High risk
defe;Defense
diplomáticas;International
auxílios;Social programs
agropecuario;Social programs
tocantins;High risk
aplicações;High risk
diretas;High risk
desenvolvime;High risk
estudo;Education
sergipe;High risk
tecnologias;High risk
territorial;Territoriality/indigenous
indigena;Territoriality/indigenous
escola;Education
auditoria;High risk
turismo;High risk
judiciais;Judiciary
biodiversidade;Environmentalism
roraima;High risk
ciencia;Education
aquisicao;High risk
brasilia;High risk
instbrasdo;NGOs
armadas;Defense
transferencia;High risk
difusao;Media
divulgacao;Media
estados;Political
especial;Vague
formação;Education
organização;NGOs
externa;International
avaliacao;High risk
urbano;High risk
transformacao;High risk
consolidacao;High risk
embaixada;International
contribuicao;High risk
internacionais;International
combinado;Vague
coordenacao;Vague
aeronautica;Defense
moradia;Social programs
consulares;International
rondonia;High risk
vigilancia;High risk
regime;Political
custo;High risk
mudança;Vague
enfrentamento;Vague
grupamento;Defense
acre;High risk
instalações;High risk
vale;High risk
suprimento;High risk
conselho;Political
pau;Vague
posgr;Education
pessoas;Vague
cidades;High risk
ilic;High risk
qualificacao;Education
exterio;International
indio;Territoriality/indigenous
índio;Territoriality/indigenous
superintde;Political
bem;High risk
conhecimento; Education
distribuicao;High risk
saneamento;High risk
contra;Vague
soc;High risk
enfrentam;Vague
amapa;High risk
rs;High risk
científico;Education
universitario;Education
navegacao;High risk
mineracao;Oil & Gas
cooperacao;International
inovaç;High risk
rodoviaria;High risk
mgi;Political
colegio;Education
selecao;High risk
producao;High risk
promoção;Vague
amazonia;Environmentalism
trens;High risk
aeronautico;Defense
ampliacao;High risk
mendes;Environmentalism
estatisticos;Social programs
conservacao;Environmentalism
economica;High risk
pernamb;High risk
min;Political
rodoviario;High risk
urbanos;High risk
rodoviária;High risk
cavalaria;Defense
urbanismo;High risk
ensi;Education
porto;High risk
territorios;Territoriality/indigenous
municipio;Political
artilharia;Defense
auxilios;Social programs
previdencia;Social programs
estadual;Political
judicial;Judiciary
comunicações;Media
parnaíba;High risk
consuladogeral;International
instfeddo;Education
difusão;Media
legislacao;Political
brigada;Defense
logistico;High risk
naturais;Environmentalism
coordenacaogeral;Vague
hist;Vague
agência;Political
comercial;High risk
fome;Social programs
produção;High risk
sec;Political
desenvol;High risk
expansao;High risk
serviço;High risk
estatutário;Political
complexidade;Vague
media;Media
procedimentos;High risk
secas;Emergency
estatística;Social programs
aperfde;Education
brasgeogr;High risk
aliment;Social programs
deptonacde;Political
instituições;NGOs
refagraria;Territoriality/indigenous
distribuição;High risk
colonização;Territoriality/indigenous
imobiliario;High risk
fins;Vague
privadas;High risk
lucrativos;High risk
fronteira;Territoriality/indigenous
ambe;Vague
bancada;Political
sentencas;Judiciary
comunitária;Social programs
recnatren;Vague
trecho;High risk
prf;Defense
aprimoramento;High risk
integr;Political
lazer;Social programs
desastres;Emergency
ordenamento;Territoriality/indigenous
nordeste;High risk
assistenciais;Social programs
servidor;Political
conab;High risk
supervisao;High risk
alegre;High risk
auxili;Social programs
desporto;Social programs
cumprimento;High risk
industria;High risk
piso;High risk
secretaria;Political
alimentos;Social programs
art;High risk
fundcoordde;High risk
juiz;Judiciary
banco;Banks
governamental;Political
selva;Environmentalism
regimento;Defense
participacao;Social programs
minist;Political
incendios;Emergency
organizado;Vague
violento;High risk
comunicacao;Media
processo;High risk
ref;Vague
especifica;Vague
sentenças;Judiciary
unico;Vague
autarq;Political
preservacao;Environmentalism
receita;High risk
aviacao;Defense
re;Vague
sureg;Political
fardamento;Defense
requalificacao;High risk
belico;Defense
exter;International
criminalidade;High risk
telecomunicacoes;Media
monitoramento;High risk
tecfarroupilha;Education
basico;Social programs
hidricos;Environmentalism
descentral;Political
instbrasde;Education
residencia;Social programs
urbana;High risk
educciee;Education
tecsulriograndense;Education
contribuicoes;High risk
tempo;Environmentalism
mecanizado;Defense
tecbaiano;Education
maranhão;High risk
ibge;Political
alimentar;Social programs
ceará;High risk
internacional;International
superint;Political
maranha;High risk
moderniz;High risk
multilaterais;International
drogas;High risk
patronais;High risk
contratação;High risk
bens;High risk
república;Political
representacao;Political
aguas;Environmentalism
mobilizacao;High risk
geologico;Environmentalism
mapeamento;High risk
coord;Vague
organismos;NGOs
justica;Judiciary
tributaria;High risk
farmaceutica;Health
recnatrenovaveis;Environmentalism
apre;Vague
renováveis;Environmentalism
patrimônio;High risk
portos;High risk
meioambiente;Environmentalism
financeiros;High risk
reserva;High risk
advocaciageral;Judiciary
aquicultura;Social programs
metas;Vague
presidência;Political
artístico;Social programs
histórico;Social programs
união;Political
regulacao;High risk
mf;Political
teccatarinense;Education
sanitespindigena;Territoriality/indigenous
mapeamentos;High risk
mineração;Oil & Gas
obrigacoes;High risk
inovovacao;High risk
tecgoiano;Education
organizacoes;NGOs
levantamentos;High risk
rfb;Political
instfed;Education
censos;Social programs
demografico;Social programs
constitucionais;Political
analise;High risk
if;Education
controlados;High risk
inteligencia;Defense
coletivos;Social programs
aérea;Defense
riscos;High risk
ministda;Political
servpublic;Political
auxíliotransporte;Social programs
hídricos;Environmentalism
exteri;International
ebserh;Health
projeto;High risk
paraíba;High risk
aperfeicoamento;High risk
aerea;Defense
recomposicao;High risk
conservação;Environmentalism
pesca;Social programs
instituicoe;NGOs
geologia;Environmentalism
inválido;Social programs
maritimo;High risk
tecfluminense;Education
alimentação;Social programs
nutrição;Health
execucao;High risk
hidrometeorologica;Environmentalism
familiar;Social programs
ilicito;High risk
crimes;High risk
cientifico;Social programs
pará;High risk
terrestres;Defense
assitsocialfame;Social programs
mindesenve;High risk
campanha;Media
nutricional;Health
sus;Health
coordgeral;Political
caixa;Banks
clinicas;Health
pa;Environmentalism
ibama;Environmentalism
conserda;Environmentalism
instchico;Environmentalism
pesquisadores;Education
vencimentos;High risk
ouro;High risk
estrateg;High risk
tecnológica;High risk
reest;High risk
rodoviário;High risk
publico;Political
logistica;High risk
guarnicao;Defense
manaus;Environmentalism
autarquias;Political
fundacoes;NGOs
semiarido;Environmentalism
ifmacampus;Education
vigilância;High risk
jequitinhonha;Environmentalism
mucuri;Environmentalism
hos;Health
fin;High risk
ifsp;Education
desmatamento;Environmentalism
capitania;Defense
transparenci;High risk
transparencia;High risk
pagamento;High risk
transito;High risk
criacao;High risk
ferrovias;High risk
trans;High risk
rondoni;High risk
extrajudicial;Judiciary
piauí;High risk
intergovstn;Political
fund;High risk
lei;Political
clima;Environmentalism
industrial;High risk
aldeias;Territoriality/indigenous
tradicionais;Territoriality/indigenous
avaliacoes;High risk
amazona;High risk
consultoria;High risk
estrutura;High risk
servhospitalares;Health
chico;Environmentalism
mineral;Oil & Gas
delegacia;Political
eletrica;Oil & Gas
escolar;Education
fixas;High risk
vantagens;High risk
pesados;High risk
goiás;High risk
espacial;Defense
departnacinfra;Political
acolhimento;Social programs
propriedade;High risk
valores;High risk
rondônia;High risk
telecomunicações;Media
inspecao;High risk
continuada;Social programs
alimentacao;Social programs
pensões;Social programs
agronegocio;High risk
democratica;Political
petroleo;Oil & Gas
programas;High risk
comunidades;Territoriality/indigenous
brasília;High risk
disseminacao;Health
sanitaria;Health
orcamento;High risk
estrategia;High risk
agro;Social programs
auxílioalimentação;Social programs
edcience;Education
quilombolas;Territoriality/indigenous
operacional;High risk
credito;High risk
suplementar;High risk
df;High risk
seguran;Defense
ifpr;Education
ressarcimento;High risk
tocanti;High risk
readequacao;High risk
refinanciamento:Debt
pnae;Education
furg;NGOs
fundiari;Territoriality/indigenous
washington;International
artes;Social programs
museus;Social programs
educacionais;Education
gerenciamento;High risk
humanitario;International
comunicacoes;Media
trabalhist;Social programs
subsecretaria;Political
assistencial;Social programs
garantia;High risk
integracao;International
auxiliomoradia;Social programs
basic;Social programs
motorizado;Defense
institucional;NGOs
comércio;High risk
reformas;High risk
comissão;Political
agua;Environmentalism
municipios;Political
viaria;High risk
informacoes;Media
paranacampus;Education
digital;High risk
ifpb;Education
previsao;High risk
aplicada;High risk
remunerada;High risk
extrajudicia;Judiciary
constitucional;Political
fiscal;High risk
fnsp;Political
fedvales;Education
emergencia;Emergency
rscampus;Education
empre;High risk
tecnol;High risk
deposito;High risk
organizacao;NGOs
reconhecimento;High risk
civicoprofissional;Social programs
epidemiológica;Health
reitoria;Political
descentralizadas;Political
fedde;Education
melhoria;High risk
produtiva;High risk
ufrj;Education
contribuição;High risk
previd;Social programs
pesqeducacionais;Social programs
dnit;Construction
iphan;NGOs
procuradoria;Judiciary
inclusao;Progressism/woke
forca;Defense
atendimento;Health
cnen;Political
antiaerea;Defense
acesso;High risk
superintendência;Political
blindado;Defense
preservação;Environmentalism
financeira;High risk
publicidade;Media
privados;High risk
policias;Defense
ministério;Political
mdh;Political
utfpr;Education
mecanizada;Defense
implementac;High risk
tecnica;Social programs
segura;Defense
biblioteca;Social programs
infraest;Construction
geocientificos;Environmentalism
aeroportos;High risk
rncampus;Education
mgcampus;Education
exames;Health
seguros;High risk
identificacao;High risk
ciencias;Education
presidencia;Political
igualdade;Progressism/woke
mulheres;Progressism/woke
aereo;Defense
biodiver;Environmentalism
articulacao;Political
doencas;Health
instfedmato;Education
ferroviario;High risk
desenvdo;High risk
ensprofissional;Education
republica;Political
laboratorial;Health
infraes;Construction
básico;Education
sisceab;Political
cmdo;Defense
mobiliarios;High risk
mobiliaria;Debt
instfedrondoniacampus;Education
entes;Political
geologicoambientais;Environmentalism
comunitário;Social programs
alagoascampus;Education
fronteiras;Territoriality/indigenous
ap;Environmentalism
franca;International
cooperação;International
complementar;High risk
piauicampus;Education
intervencoes;High risk
ambulato;Health
estoques;High risk
empresas;High risk
relator;Political
federativos;Political
controladoriageral;Political
ifpe;Education
internamd;International
demarcacao;Territoriality/indigenous
terras;Territoriality/indigenous
gabinete;Political
estad;Political
submarinos;Defense
controladoria;Political
incentivo;High risk
climatica;Environmentalism
estrategica;High risk
agrifamiliar;Social programs
desenvolvagrario;Territoriality/indigenous
ministdo;Political
desenvcientifico;Education
fluvial;High risk
hidrica;Environmentalism
arqueológico;Education
integinternda;International
lusofafrobrasileira;International
univda;Education
anp;Oil & Gas
ifam;NGOs
cient;Education
soberania;Political
agreste;Environmentalism
gestor;Political
fabricacao;High risk
midradministracao;Political
interioriza;High risk
educ;Education
contratos;High risk
familia;Social programs
trabalhistas;Social programs
guerra;Defense
regulatoria;High risk
hospitais;Health
bda;Defense
direito;Political
folha;High risk
financiamento;High risk
blindad;Defense
internacionalizacao;International
agf;Political
inclusivo;Progressism/woke
bélico;Defense
nuclebras;Oil & Gas
botanico;Environmentalism
universitarios;Education
operacionais;High risk
amparo;Social programs
sigiloso;High risk
rehuf;Health
energetica;Oil & Gas
agu;Political
formulacao;High risk
metrologia;High risk
cinema;Social programs
subvencao;High risk
eventos;High risk
construcoes;Construction
agêncial;Political
produtivo;High risk
tecno;High risk
representação;Political
findamapa;Political
orce;High risk
racial;Progressism/woke
laboratorio;Health
oficiais;Political
valec;Political
florestal;Environmentalism
eleitorais;Political
pleitos;Political
profissionais;Social programs
família;Social programs
vín;Vague
instalacao;High risk
superintend;Political
moeda;High risk
instrucao;Education
bis;NGOs
amapá;High risk
institnac;Education
metrol;High risk
amazônia;High risk
colégio;Education
financas;High risk
execução;High risk
alexandre;High risk
joven;Social programs
mercado;High risk
marinho;Defense
segur;High risk
judiciária;Judiciary
geraiscampus;Education
fat;High risk
delegacao;Political
exigencia;High risk
programacao;High risk
goiascampus;Education
aquaviaria;High risk
motorizada;Defense
analises;High risk
provisao;High risk
propulsao;Defense
submarino;Defense
penitenciario;Judiciary
institucionais;NGOs
ifb;NGOs
recife;High risk
fornecimento;High risk
proreitoria;Political
transpo;High risk
previdenciarios;Social programs
unb;Education
europa;International
outorga;High risk
profilático;Health
terapêutico;Health
parque;Environmentalism
aduaneira;High risk
educac;Education
logisticos;High risk
agroalimentar;Social programs
renda;High risk
ed;Education
univers;Education
milit;Defense
dados;Media
sninfra;Political
creditos;High risk
sargentos;Defense
brasilimbel;High risk
natural;Environmentalism
turistica;High risk
comunicação;Media
insumos;High risk
iniciativas;Vague
iorque;International
compras;High risk
funaicoordenacao;Territoriality/indigenous
sanitária;Health
estrategico;High risk
costeiro;High risk
bucal;Health
unifespuniversidade;Education
acidentes;Emergency
investigacao;High risk
ifsuldeminas;Education
publicas;Political
londres;International
ag;High risk
aeb;Political
instalacoes;High risk
instfedminas;Education
educaca;Education
museu;Social programs
jovens;Social programs
beneficio;Social programs
integ;High risk
inepinstnacde;Political
suckow;High risk
fisica;Education
geografico;Environmentalism
americana;International
latino;International
compartilhados;High risk
revenda;High risk
oferta;High risk
desenvolv;High risk
sanidade;Health
suasa;Political
ibamainstbrasdo;Environmentalism
reabilitacao;Health
ufpe;Education
resta;High risk
cbtu;Political
nucleares;Oil & Gas
biomas;Environmentalism
operacionalizacao;High risk
habitação;Social programs
realizacao;High risk
eductecnolcelso;Education
sda;Political
estatais;Political
sertão;Territoriality/indigenous
juridica;Judiciary
atualizacao;High risk
ferrovia;High risk
ufob;Education
agravos;Health
imunobiol;Health
reaparelhamento;High risk
imprensa;Media
infraestruturas;Construction
obrigatorio;High risk
indenização;High risk
equipament;High risk
arsenal;Defense
governo;Political
educacional;Education
polici;Defense
gas;Oil & Gas
florestais;Environmentalism
economia;High risk
ibgeadministracao;Political
cibe;Vague
academia;Education
águas;Environmentalism
mscampus;Education
concorrencia;High risk
recreativo;Social programs
aquis;High risk
causas;Vague
fundi;Territoriality/indigenous
contas;High risk
aquaviarios;High risk
instnacional;NGOs
semiárido;Environmentalism
consulado;International
fununivfedde;Education
cgaddlog;NGOs
divida;Debt
aplicadas;Social programs
univ;Education
esquadrao;Defense
vulnerabilidade;Social programs
instfedsulriograndensecampus;Education
tocantinscampus;Education
paracampus;Education
aeronauti;Defense
curitiba;Vague
processos;High risk
embrapa;Political
seguridade;Social programs
orcamentoplanejamento;High risk
terminais;High risk
navais;Defense
legal;Judiciary
proprios;High risk
monetaria;High risk
embrapageaf;Environmentalism
fluminensecampus;Education
comercio;High risk
econômica;High risk
humano;Social programs
inteligência;Defense
planejorce;High risk
subsecretde;Political
previdenciar;Social programs
hosp;Health
presidencial;Political
penitenciari;Judiciary
geoinformacao;Media
eletronica;High risk
imunobiologicos;Health
alerta;Emergency
tecnolo;High risk
aeronaves;Defense
mcti;Political
aprendizesmarinheiros;Defense
bacias;Environmentalism
inativos;Social programs
mdhc;Political
bacia;Environmentalism
biocombustiveis;Oil & Gas
pesq;Education
espaciaisinpe;Defense
estadomaior;Defense
antartica;International
guarda;Defense
transpor;High risk
funpen;Political
dinheiro;High risk
tecn;High risk
radiofarma;Health
dinamizacao;High risk
clin;Health
melhorias;High risk
indenizacao;High risk
conselhos;Political
instfedfarroupilhacampus;Education
universfed;Education
elétrica;Oil & Gas
ambulatoriais;Health
custe;High risk
empregabilidade;Social programs
trabalhista;Social programs
brasilmre;International
comandos;Defense
residenciais;Social programs
aprimorament;High risk
exterritorio;Territoriality/indigenous
cienti;Education
obtencoes;High risk
autoridade;Political
reducao;Vague
previdenciaria;Social programs
superintnacional;International
exterritorios;Territoriality/indigenous
judiciario;Judiciary
penitenciaria;Judiciary
nstfedde;Education
levemontanha;Defense
construções;Construction
maternidade;Health
sisfron;Defense
aviação;Defense
distancia;Education
agrarios;Territoriality/indigenous
conflitos;High risk
mun;Political
cefprogramas;Political
cooper;International
usd;High risk
agroecologia;Environmentalism
instbrasil;NGOs
port;High risk
decente;Vague
disponibilizacao;High risk
policlinica;Health
irrigacao;Environmentalism
aires;International
mtz;Vague
tribunal;Judiciary
unirio;Education
entroncamento;High risk
popularizacao;Social programs
inovacoes;High risk
con;Vague
avancada;High risk
cam;Vague
descapitalizacao;High risk
faculdade;Education
penitenciário;Judiciary
instfedtriangulo;Education
mineirocampus;Education
alfabetizacao;Education
elevacao;High risk
am;Environmentalism
admpublicaenap;Political
espaciais;Defense
interiorizacao;High risk
migrantes;International
dnocs;Political
armas;Defense
biocombustíveis;Oil & Gas
fixacao;High risk
stacatifsc;Education
titul;High risk
artísticas;Education
científ;Education
premiações;High risk
antt;Political
gás;Oil & Gas
petróleo;Oil & Gas
fuzileiros;Defense
prof;Education
bombeiros;Defense
educciencia;Education
comando1a;Defense
medicina;Health
cadeias;High risk
educcienc;Education
valecengenharia;Political
centralservinativospensionistorgext;Political
coloniz;Territoriality/indigenous
sfasp;Political
irrigação;Environmentalism
geocientifica;Environmentalism
cadastro;High risk
coop;International
secretde;Political
internacio;International
comandante;Defense
patrimonial;High risk
santiago;International
joão;Vague
aquisicoes;High risk
carros;High risk
admin;Vague
exercit;Defense
inovdesenvsustentirrig;Environmentalism
diarias;High risk
centrooes;Vague
hidrologicos;Environmentalism
pagadoria;High risk
assentamentos;Territoriality/indigenous
derivados;Oil & Gas
reparacao;High risk
violacoes;High risk
infrae;Construction
vinculados;High risk
divexecutiva;Political
financasdaf2;High risk
incrasededf;Political
seg;Vague
cursos;Education
exploracao;High risk
abin;Political
sncti;Political
tecnologiae;High risk
regadmdo;Political
aneel;Political
financ;High risk
costeira;High risk
materiais;High risk
desenvciente;High risk
economicas;High risk
amazul;Political
benefic;Social programs
obtencao;High risk
equipam;High risk
infraestrutu;Construction
desenvcientife;Education
licenciamento;High risk
urbanizacao;High risk
buenos;International
maquina;High risk
cmo;Defense
aquisição;High risk
galeao;High risk
almirante;Defense
barragens;Environmentalism
cadeia;High risk
valecengenhariaconstrucoes;Political
cidadao;Social programs
dívida;High risk
tecnologicas;High risk
historico;Social programs
produtivas;High risk
paris;International
mcid;Political
soldado;Defense
sertao;Territoriality/indigenous
manausam;Environmentalism
negocios;High risk
estatisticas;Social programs
instfedbaiano;Education
contab;High risk
arquivo;Media
carteira;High risk
senasp;Political
preparatoria;Social programs
roma;International
g20;International
passageiros;High risk
patrim;High risk
artistico;Education
cooperativismo;Social programs
cadetes;Defense
cienc;Education
ciabrasileira;High risk
conecta;High risk
just;Judiciary
rendimento;High risk
colegios;Education
aperfeiçoamento;High risk
subdiretoria;Political
medicamentos;Health
contrato;High risk
agrario;Territoriality/indigenous
mobilidade;High risk
subvenções;High risk
blindadas;Defense
paranareitoria;Political
agulhas;Defense
negras;Defense
aquaviario;High risk
telematica;High risk
preparacao;Social programs
administrativamec;Political
julgamento;Judiciary
cafeicultura;Social programs
familias;Social programs
adultos;Social programs
tecnolog;High risk
transitadas;High risk
telecomunicacoessede;Media
estaleiro;High risk
remuneracao;High risk
aeroport;High risk
latinoamericana;International
produtividade;High risk
metrolog;High risk
integracaolatinoamericana;International
brasiliadf;High risk
prioritarias;High risk
cont;High risk
toquio;International
informacaoiti;Media
sfars;Political
atividade;Vague
undcoordde;Political
selv;Environmentalism
vicepresidencia;Political
afrobrasileira;Progressism/woke
lusofonia;International
fedeductecncelso;Education
mre;Political
secnac;Political
docu;Vague
mercadorias;High risk
aplicados;Social programs
pub;Vague
restauracao;High risk
ministdesenvolvindustrcomercio;Political
carbon;Environmentalism
emissao;High risk
sfapr;Political
eleitoral;Political
extensão;Social programs
estrategicos;High risk
bioeconomia;Environmentalism
aquaviariosantaq;High risk
pol;Political
telebras;Political
madri;International
instfedroraima;Education
icmbio;Environmentalism
deficiencia;Social programs
rodovias;High risk
sfamt;Political
orcamentaria;High risk
mar;Defense
rodv;High risk
ibirapuera;Environmentalism
antidrogas;High risk
sfapb;Political
segmedtrabalho;Social programs
sistem;High risk
anm;Political
comercializacao;High risk
sfamg;Political
contratosmj;High risk
hidroambiental;Environmentalism
clínicas;Health
ciências;Education
decanato;Political
sfasc;Political
inss;Political
inovacaoem;High risk
blindada;Defense
eductecnolde;Education
cibernetica;Defense
forte;Defense
anac;Political
prog;High risk
aeromovel;High risk
sfb;Political
berlim;International
lisboa;International
medicos;Health
aquaviários;High risk
armazenadora;High risk
prefeitura;Political
superintreg;Political
execorcamentaria;High risk
mobiliários;High risk
administrativas;Vague
censipam;Political
caatinga;Environmentalism
apreciacao;High risk
tecnologic;High risk
calamidade;Emergency
glo;Defense
papempais;Political
solucoes;High risk
instfedbaianocampus;Education
nuclebrás;Oil & Gas
sanuclep;Political
aéreo;Defense
municao;Defense
planos;High risk
norteifce;Education
genebra;International
inseguranca;High risk
populacionais;Social programs
agenda;Political
verde;Environmentalism
sustentaveis;Environmentalism
proj;High risk
custódia;Judiciary
reintegração;Social programs
secret;Political
lucerna;International
correici;High risk
fisc;High risk
urbanosadmcentral;Political
ordem;Political
delegada;Political
sudeco;Political
aplicacoes;High risk
general;Defense
frgps;Education
figsegmedtrabalho;Social programs
mpo;Political
sfaba;Political
populacoes;Social programs
financiamentos;High risk
publicacoes;Media
radiodifusao;Media
botânico;Environmentalism
pantanal;Environmentalism
alcool;High risk
travessia;High risk
brigde;High risk
infantleve;Defense
oceanos;Environmentalism
epe;Political
campanhaap;Media
campi;Education
urbanas;High risk
militar7;Defense
juros;High risk
seguranc;Defense
energética;Oil & Gas
amazoniasudam;Environmentalism
desenvolvda;High risk
superintenddo;Political
aerodromo;High risk
pessoascggp;Political
terra;Territoriality/indigenous
srba;Political
pessoalpais;Political
guajara;Environmentalism
orc;High risk
barragem;Environmentalism
sfams;Political
ferroviário;High risk
rppu;Political
irriga;Environmentalism
acre4;Environmentalism
sfapa;Political
licitacoes;High risk
comercia;High risk
instfedespirito;Education
clinica;Health
cargueiro;High risk
tatico;Defense
ufba;Education
estruturas;High risk
radiofarmacos;Health
radiativas;Health
avancado;High risk
bpc;Social programs
vitalicia;Social programs
informatizadas;High risk
embarcacoes;High risk
hidroviário;High risk
contabilidade;High risk
siste;High risk
quimico;High risk
nortecentrooeste;High risk
sanitarias;Health
presidente;Political
bene;High risk
superv;Political
contorno;High risk
imunodeficiencia;Health
prevenca;Health
fiscais;High risk
organica;Environmentalism
proorganico;Environmentalism
abastec;High risk
montevideu;International
barcelona;International
substancias;High risk
cefministerio;Political
orçamentária;High risk
econômicas;High risk
bolsa;Social programs
bruxelas;International
financeiras;High risk
codevasf;Political
nuclearipen;Oil & Gas
sist;High risk
interfederativa;Political
sfarj;Political
huufgd;Health
neoindustrializacao;High risk
cientificas;Education
pesqueira;Social programs
universit;Education
participativa;Social programs
sudene;Political
processamento;High risk
intern;International
ufjf;Education
sfago;Political
camara;Political
sergipecampus;Education
informatizados;High risk
sfaam;Political
aeronauticos;Defense
secretariageral;Political
auxilio;Social programs
popular;Social programs
documental;Media
obras5;Construction
sfaes;Political
sfama;Political
secde;Political
reabilita;Health
titulacao;High risk
surdosrj;Social programs
inversões;High risk
anistiados;Social programs
sfaap;Political
bogota;International
chagas;Health
mobi;High risk
marinhado;Defense
concedida;High risk
surdos;Social programs
desenvolvimen;High risk
fcdfssp;Political
modernizaca;High risk
naviospatrulha;Defense
sfaal;Political
funaidiretoria;Territoriality/indigenous
pequim;International
farmaceutico;Health
fundacentro;Political
ponte;High risk
departamentogeral;Political
divisionaria3;Defense
ufpel;Education
pesqueiro;Social programs
nuclearcdtn;Oil & Gas
aviv;International
fluviais;High risk
gest;High risk
contrtfgaereo;Defense
intdefaerea;Defense
obras12;Construction
orgaos;Political
equilibrio;Environmentalism
lancamento;High risk
luanda;International
exte;International
interminpos;Political
secretda;Political
obras3;Construction
obras11;Construction
program;High risk
democratizacao;Political
ancineagencia;Political
meteorologia;Environmentalism
fortsao;Defense
bioeco;Environmentalism
militar8;Defense
materias;High risk
animais;Environmentalism
aprendmarinheiros;Defense
ufgo;Education
administracaouff;Education
mexico;International
srma;Political
armamento;Defense
embrapacpatsa;Political
astrofisica;Education
sfape;Political
orcamfinanc;High risk
pretoria;International
sustentacao;High risk
artesanal;Education
embrapacnpmf;Political
manutencao12;High risk
paradesporto;Social programs
geracao;High risk
amazoniainpa;Environmentalism
institnacional;NGOs
cidade;High risk
sfarr;Political
estud;Education
bonus;High risk
eficiencia;High risk
delhi;International
maraba;Environmentalism
panama;International
retribuicao;High risk
onu;International
cmp;Defense
diretdo;Political
cobras;Defense
moraes;High risk
prom;High risk
nutric;Health
associati;Social programs
nort;Environmentalism
ortopedia;Health
traumatologia;Health
delegado;Political
consumidor;High risk
milao;International
juventude;Social programs
sfase;Political
pesagem;High risk
macae;Oil & Gas 
politicos;Political
documentacao;Media
associativismo;Social programs
sociedade;Social programs
manutencao7;High risk
esgotamento;High risk
farmacos;Health
srgo;Political
sfato;Political
instnacde;Education
reinsercao;Social programs
governador;Political
convenios;High risk
fiscaliza;High risk
hospita;Health
cardoso;NGOs
boston;International
fcdf;Political
ufpr;Education
florestas;Environmentalism
embrapacpatu;Political
colegiados;Judiciary
observatorio;Environmentalism
humanitaria;International
subsistencia;Social programs
alfandega;High risk
sfaro;Political
brasileiraaeb;International
mgipernanbuco;Political
srpr;Political
mmulheres;Progressism/woke
lgbtqia;Progressism/woke
precarios;High risk
recsob;High risk
idoso;Social programs
nav;Defense
patrulha;Defense
mecanizad;Defense
xavantemt;Territoriality/indigenous
fopag;High risk
explor;High risk
hidrografia;Environmentalism
hidricas;Environmentalism
snsh;Political
execde;Political
operfiscais;High risk
comunitarios;Social programs
tecnologi;High risk
camberra;International
desemprego;Social programs
degradadas;Environmentalism
orcfinancas;High risk
aeroespacial;Defense
ocidental;International
credi;High risk
capfisicdo;High risk
commilda;Defense
sanitario;Health
avan;High risk
avançada;High risk
eletrônica;High risk
qgex;Defense
oceano;Environmentalism
recuperação;High risk
sface;Political
habitacao;Social programs
paa;Social programs
reconstrucao;High risk
kaiapo;Territoriality/indigenous
inmetro;Political
carbonifera;Oil & Gas
ferro;High risk
embrapacpatc;Political
futebol;Social programs
mata;Environmentalism
agrarias;Territoriality/indigenous
aplicaco;High risk
torcedor;Social programs
autonomia;Political
kayapo;Territoriality/indigenous
hcufpe;Health
moderniza;High risk
pontes;High risk
sfapi;Political
embrapacnpasa;Political
socioambiental;Environmentalism
rejeitos;Environmentalism
socioeconomica;High risk
industrializacao;High risk
urbanossturec;Political
sfarn;Political
miami;International
brasilfpv;High risk
veiculos;High risk
caico;Vague 
orlando;International
geralufmg;Education
ufcg;Education
embrapacpaa;Political
endemias;Health
bohn;Vague
gass;Vague
obras2;Construction
ribeiro;Vague
cobertura;High risk
gusmão;Vague
embrapacpact;Political
industrias;High risk
mgirio;Personnel
solimoes;Environmentalism